id,side,bucket,text,query
617,left,_none,COL title VAL workshop report on experiences using object data management in the real-world COL authors VAL  COL venue VAL  COL year VAL 1998,workshop report on experiences using object data management in the real-world
218,left,_none,COL title VAL information warfare and security - book review COL authors VAL  COL venue VAL  COL year VAL 2001,information warfare and security - book review
167,left,_none,COL title VAL report on the 8th international workshop on knowledge representation meets databases ( krdb ) COL authors VAL  COL venue VAL  COL year VAL 2001,report on the 8th international workshop on knowledge representation meets databases ( krdb )
321,left,_none,COL title VAL chair 's message COL authors VAL  COL venue VAL  COL year VAL 2000,chair 's message
4,left,_none,COL title VAL report on the acm fourth international workshop on data warehousing and olap ( dolap 2001 ) COL authors VAL  COL venue VAL  COL year VAL 2002,report on the acm fourth international workshop on data warehousing and olap ( dolap 2001 )
2540,left,_none,"COL title VAL title , foreword , preface to the special issue on spatial database systems , index vol . 3 COL authors VAL  COL venue VAL  COL year VAL 1994","title , foreword , preface to the special issue on spatial database systems , index vol . 3"
2295,left,_none,COL title VAL guest editorial COL authors VAL  COL venue VAL  COL year VAL 2003,guest editorial
855,left,_none,"COL title VAL from the guest editors - special section on data management issues in mobile computing COL authors VAL m dunham , a helal COL venue VAL  COL year VAL 1995",from the guest editors - special section on data management issues in mobile computing m dunham
10,left,_none,COL title VAL report on the nsf workshop on building an infrastructure for mobile and wireless systems COL authors VAL  COL venue VAL  COL year VAL 2002,report on the nsf workshop on building an infrastructure for mobile and wireless systems
148,left,_none,COL title VAL reminiscences on influential papers COL authors VAL  COL venue VAL  COL year VAL 2001,reminiscences on influential papers
81,left,_none,COL title VAL report on the mobile search workshop at www 2002 COL authors VAL  COL venue VAL  COL year VAL 2002,report on the mobile search workshop at www 2002
1082,left,_none,COL title VAL storage and retrieval of xml data using relational databases COL authors VAL  COL venue VAL  COL year VAL 2001,storage and retrieval of xml data using relational databases
278,left,_none,COL title VAL chair 's message COL authors VAL  COL venue VAL  COL year VAL 2000,chair 's message
738,left,_none,COL title VAL models and languages for describing and discovering e-services COL authors VAL  COL venue VAL  COL year VAL 2001,models and languages for describing and discovering e-services
920,left,_none,COL title VAL tutorial : ldap directory services - just another database application ? COL authors VAL  COL venue VAL  COL year VAL 2000,tutorial : ldap directory services - just another database application ?
2576,left,_none,COL title VAL report on the 17th brazilian symposium on database systems ( sbbd 2002 ) COL authors VAL  COL venue VAL  COL year VAL 2003,report on the 17th brazilian symposium on database systems ( sbbd 2002 )
840,left,_none,COL title VAL report on the 1995 international workshop on temporal databases COL authors VAL  COL venue VAL  COL year VAL 1995,report on the 1995 international workshop on temporal databases
2612,left,_none,COL title VAL call for book reviews COL authors VAL  COL venue VAL  COL year VAL 2003,call for book reviews
2526,left,_none,"COL title VAL title , preface to the special issue on persistent object systems COL authors VAL  COL venue VAL  COL year VAL 1995","title , preface to the special issue on persistent object systems"
1862,left,_none,COL title VAL interview with pat selinger COL authors VAL  COL venue VAL  COL year VAL 2003,interview with pat selinger
812,left,_none,COL title VAL editor 's notes and erratum COL authors VAL  COL venue VAL  COL year VAL 1994,editor 's notes and erratum
1637,left,_none,COL title VAL keynote address COL authors VAL  COL venue VAL  COL year VAL 1995,keynote address
507,left,_none,COL title VAL reminiscences on influential papers COL authors VAL  COL venue VAL  COL year VAL 1999,reminiscences on influential papers
2375,left,acm trans . database syst .,"COL title VAL specification and implementation of exceptions in workflow management systems COL authors VAL f casati , s ceri , s paraboschi , g pozzi COL venue VAL acm trans . database syst . COL year VAL 1999",specification and implementation of exceptions in workflow management systems f casati acm trans . database syst .
2361,left,acm trans . database syst .,"COL title VAL database design for incomplete relations COL authors VAL m levene , g loizou COL venue VAL acm trans . database syst . COL year VAL 1999",database design for incomplete relations m levene acm trans . database syst .
954,left,acm trans . database syst .,"COL title VAL on the computation of relational view complements COL authors VAL j lechtenbіrger , g vossen COL venue VAL acm trans . database syst . COL year VAL 2003",on the computation of relational view complements j lechtenbіrger acm trans . database syst .
2308,left,acm trans . database syst .,"COL title VAL evaluation of remote backup algorithms for transaction-processing systems COL authors VAL c polyzois , h garcia-molina COL venue VAL acm trans . database syst . COL year VAL 1994",evaluation of remote backup algorithms for transaction-processing systems c polyzois acm trans . database syst .
2374,left,acm trans . database syst .,"COL title VAL optimization of queries with user-defined predicates COL authors VAL s chaudhuri , k shim COL venue VAL acm trans . database syst . COL year VAL 1999",optimization of queries with user-defined predicates s chaudhuri acm trans . database syst .
2252,left,acm trans . database syst .,"COL title VAL \ addendum to \ '' \ `` automatic generation of production rules for integrity maintenance \ '' \ '' \ '' '' COL authors VAL s ceri , p fraternali , s paraboschi , l tanca COL venue VAL acm trans . database syst . COL year VAL 1995",\ addendum to \ '' \ `` automatic generation of production rules for integrity maintenance \ '' \ '' \ '' '' s ceri acm trans . database syst .
2305,left,acm trans . database syst .,"COL title VAL tools and transformations - rigorous and otherwise - for practical database design COL authors VAL a rosenthal , d reiner COL venue VAL acm trans . database syst . COL year VAL 1994",tools and transformations - rigorous and otherwise - for practical database design a rosenthal acm trans . database syst .
2334,left,acm trans . database syst .,"COL title VAL applying an update method to a set of receivers COL authors VAL m andries , l cabibbo , j paredaens , j bussche COL venue VAL acm trans . database syst . COL year VAL 2001",applying an update method to a set of receivers m andries acm trans . database syst .
2255,left,acm trans . database syst .,"COL title VAL fast algorithms for universal quantification in large databases COL authors VAL g graefe , r cole COL venue VAL acm trans . database syst . COL year VAL 1995",fast algorithms for universal quantification in large databases g graefe acm trans . database syst .
2333,left,acm trans . database syst .,"COL title VAL querying atsql databases with temporal logic COL authors VAL j chomicki , d toman , m bіhlen COL venue VAL acm trans . database syst . COL year VAL 2001",querying atsql databases with temporal logic j chomicki acm trans . database syst .
2373,left,acm trans . database syst .,"COL title VAL gloss : text-source discovery over the internet COL authors VAL l gravano , h garcia-molina , a tomasic COL venue VAL acm trans . database syst . COL year VAL 1999",gloss : text-source discovery over the internet l gravano acm trans . database syst .
2341,left,acm trans . database syst .,"COL title VAL a case for dynamic view management COL authors VAL y kotidis , n roussopoulos COL venue VAL acm trans . database syst . COL year VAL 2001",a case for dynamic view management y kotidis acm trans . database syst .
2325,left,acm trans . database syst .,"COL title VAL a new approach to developing and implementing eager database replication protocols COL authors VAL b kemme , g alonso COL venue VAL acm trans . database syst . COL year VAL 2000",a new approach to developing and implementing eager database replication protocols b kemme acm trans . database syst .
2314,left,acm trans . database syst .,COL title VAL a cost model for query processing in high dimensional data spaces COL authors VAL c bіhm COL venue VAL acm trans . database syst . COL year VAL 2000,a cost model for query processing in high dimensional data spaces c bіhm acm trans . database syst .
2337,left,acm trans . database syst .,"COL title VAL top-k selection queries over relational databases : mapping strategies and performance evaluation COL authors VAL n bruno , s chaudhuri , l gravano COL venue VAL acm trans . database syst . COL year VAL 2002",top-k selection queries over relational databases : mapping strategies and performance evaluation n bruno acm trans . database syst .
2273,left,acm trans . database syst .,COL title VAL model and verification of a data manager based on aries COL authors VAL d kuo COL venue VAL acm trans . database syst . COL year VAL 1996,model and verification of a data manager based on aries d kuo acm trans . database syst .
2315,left,acm trans . database syst .,"COL title VAL iterative dynamic programming : a new class of query optimization algorithms COL authors VAL d kossmann , k stocker COL venue VAL acm trans . database syst . COL year VAL 2000",iterative dynamic programming : a new class of query optimization algorithms d kossmann acm trans . database syst .
2306,left,acm trans . database syst .,"COL title VAL formal aspects of concurrency control in long-duration transaction systems using the nt/pv model COL authors VAL h korth , g speegle COL venue VAL acm trans . database syst . COL year VAL 1994",formal aspects of concurrency control in long-duration transaction systems using the nt/pv model h korth acm trans . database syst .
2338,left,acm trans . database syst .,"COL title VAL a logical foundation for deductive object-oriented databases COL authors VAL m liu , g dobbie , t ling COL venue VAL acm trans . database syst . COL year VAL 2002",a logical foundation for deductive object-oriented databases m liu acm trans . database syst .
2307,left,acm trans . database syst .,"COL title VAL synthesis of extended transaction models using acta COL authors VAL p chrysanthis , k ramamritham COL venue VAL acm trans . database syst . COL year VAL 1994",synthesis of extended transaction models using acta p chrysanthis acm trans . database syst .
2260,left,acm trans . database syst .,"COL title VAL a normal form for precisely characterizing redundancy in nested relations COL authors VAL w mok , y ng , d embley COL venue VAL acm trans . database syst . COL year VAL 1996",a normal form for precisely characterizing redundancy in nested relations w mok acm trans . database syst .
2248,left,acm trans . database syst .,"COL title VAL static analysis techniques for predicting the behavior of active database rules COL authors VAL a aiken , j hellerstein , j widom COL venue VAL acm trans . database syst . COL year VAL 1995",static analysis techniques for predicting the behavior of active database rules a aiken acm trans . database syst .
2336,left,acm trans . database syst .,COL title VAL distributed query evaluation on semistructured data COL authors VAL d suciu COL venue VAL acm trans . database syst . COL year VAL 2002,distributed query evaluation on semistructured data d suciu acm trans . database syst .
33,left,ecord,COL title VAL david dewitt speaks out COL authors VAL m winslett COL venue VAL ecord COL year VAL 2002,david dewitt speaks out m winslett ecord
510,left,sigmod conference,"COL title VAL continually evaluating similarity-based pattern queries on a streaming time series COL authors VAL l gao , x wang COL venue VAL sigmod conference COL year VAL 2002",continually evaluating similarity-based pattern queries on a streaming time series l gao sigmod conference
541,left,sigmod conference,"COL title VAL statistical synopses for graph-structured xml databases COL authors VAL n polyzotis , m garofalakis COL venue VAL sigmod conference COL year VAL 2002",statistical synopses for graph-structured xml databases n polyzotis sigmod conference
644,left,sigmod conference,"COL title VAL generating efficient plans for queries using views COL authors VAL f afrati , c li , j ullman COL venue VAL sigmod conference COL year VAL 2001",generating efficient plans for queries using views f afrati sigmod conference
990,left,sigmod conference,COL title VAL data management issues in electronic commerce ( panel ) COL authors VAL m жzsu COL venue VAL sigmod conference COL year VAL 1999,data management issues in electronic commerce ( panel ) m жzsu sigmod conference
1271,left,sigmod conference,COL title VAL real business processing meets the web COL authors VAL j chong COL venue VAL sigmod conference COL year VAL 1998,real business processing meets the web j chong sigmod conference
1690,left,sigmod conference,COL title VAL shore : combining the best features of oodbms and file systems COL authors VAL s team COL venue VAL sigmod conference COL year VAL 1995,shore : combining the best features of oodbms and file systems s team sigmod conference
797,left,sigmod conference,"COL title VAL a data model and data structures for moving objects databases COL authors VAL l forlizzi , r gќting , e nardelli , m schneider COL venue VAL sigmod conference COL year VAL 2000",a data model and data structures for moving objects databases l forlizzi sigmod conference
1305,left,sigmod conference,"COL title VAL database performance in the real world - tpc-d and sap r/3 ( experience paper ) COL authors VAL j doppelhammer , t hіppler , a kemper , d kossmann COL venue VAL sigmod conference COL year VAL 1997",database performance in the real world - tpc-d and sap r/3 ( experience paper ) j doppelhammer sigmod conference
907,left,sigmod conference,"COL title VAL mocha : a database middleware system featuring automatic deployment of application-specific functionality COL authors VAL m rodriguez-martinez , n roussopoulos , j mcgann , s kelley , v katz , z song , j jсjс COL venue VAL sigmod conference COL year VAL 2000",mocha : a database middleware system featuring automatic deployment of application-specific functionality m rodriguez-martinez sigmod conference
779,left,sigmod conference,"COL title VAL congressional samples for approximate answering of group-by queries COL authors VAL s acharya , p gibbons , v poosala COL venue VAL sigmod conference COL year VAL 2000",congressional samples for approximate answering of group-by queries s acharya sigmod conference
1267,left,sigmod conference,COL title VAL microsoft.com : a high-scale data management and transaction processing solution COL authors VAL s kennamer COL venue VAL sigmod conference COL year VAL 1998,microsoft.com : a high-scale data management and transaction processing solution s kennamer sigmod conference
1791,left,sigmod conference,COL title VAL outerjoins as disjunctions COL authors VAL c galindo-legaria COL venue VAL sigmod conference COL year VAL 1994,outerjoins as disjunctions c galindo-legaria sigmod conference
564,left,sigmod conference,"COL title VAL middle-tier database caching for e-business COL authors VAL q luo , s krishnamurthy , c mohan , h pirahesh , h woo , b lindsay , j naughton COL venue VAL sigmod conference COL year VAL 2002",middle-tier database caching for e-business q luo sigmod conference
846,left,sigmod conference,"COL title VAL indexing the positions of continuously moving objects COL authors VAL s saltenis , c jensen , s leutenegger , m lopez COL venue VAL sigmod conference COL year VAL 2000",indexing the positions of continuously moving objects s saltenis sigmod conference
1745,left,sigmod conference,COL title VAL coss : the common object services specifications COL authors VAL b martin COL venue VAL sigmod conference COL year VAL 1994,coss : the common object services specifications b martin sigmod conference
1587,left,sigmod conference,"COL title VAL nearest neighbor queries COL authors VAL n roussopoulos , s kelley , f vincent COL venue VAL sigmod conference COL year VAL 1995",nearest neighbor queries n roussopoulos sigmod conference
1685,left,sigmod conference,"COL title VAL ptool : a light weight persistent object manager COL authors VAL r grossman , d hanley , x qin COL venue VAL sigmod conference COL year VAL 1995",ptool : a light weight persistent object manager r grossman sigmod conference
377,left,sigmod conference,"COL title VAL rondo : a programming platform for generic model management COL authors VAL s melnik , e rahm , p bernstein COL venue VAL sigmod conference COL year VAL 2003",rondo : a programming platform for generic model management s melnik sigmod conference
1070,left,sigmod conference,"COL title VAL `` honey , i shrunk the dbms '' : footprint , mobility , and beyond ( panel ) COL authors VAL p seshadri COL venue VAL sigmod conference COL year VAL 1999","`` honey , i shrunk the dbms '' : footprint , mobility , and beyond ( panel ) p seshadri sigmod conference"
618,left,sigmod conference,"COL title VAL efficient evaluation of xml middle-ware queries COL authors VAL m fernandez , a morishima , d suciu COL venue VAL sigmod conference COL year VAL 2001",efficient evaluation of xml middle-ware queries m fernandez sigmod conference
1401,left,sigmod conference,"COL title VAL revisiting commit processing in distributed database systems COL authors VAL r gupta , j haritsa , k ramamritham COL venue VAL sigmod conference COL year VAL 1997",revisiting commit processing in distributed database systems r gupta sigmod conference
1627,left,sigmod conference,"COL title VAL the data that you wo n't find in databases : tutorial panel on data exchange formats COL authors VAL p buneman , d maier COL venue VAL sigmod conference COL year VAL 1995",the data that you wo n't find in databases : tutorial panel on data exchange formats p buneman sigmod conference
1631,left,sigmod conference,COL title VAL the lotus notes storage system COL authors VAL k moore COL venue VAL sigmod conference COL year VAL 1995,the lotus notes storage system k moore sigmod conference
722,left,sigmod record,"COL title VAL a response to r. camps ' article `` domains , relations and religious wars '' COL authors VAL c date COL venue VAL sigmod record COL year VAL 1996","a response to r. camps ' article `` domains , relations and religious wars '' c date sigmod record"
1916,left,sigmod record,COL title VAL research in database engineering at the university of namur COL authors VAL j hainaut COL venue VAL sigmod record COL year VAL 2003,research in database engineering at the university of namur j hainaut sigmod record
417,left,sigmod record,"COL title VAL videoanywhere : a system for searching and managing distributed video assets COL authors VAL a sheth , c bertram , k shah COL venue VAL sigmod record COL year VAL 1999",videoanywhere : a system for searching and managing distributed video assets a sheth sigmod record
734,left,sigmod record,"COL title VAL a framework for information visualisation COL authors VAL j kennedy , k mitchell , p barclay COL venue VAL sigmod record COL year VAL 1996",a framework for information visualisation j kennedy sigmod record
698,left,sigmod record,COL title VAL illustra 's web datablade module COL authors VAL j gaffney COL venue VAL sigmod record COL year VAL 1996,illustra 's web datablade module j gaffney sigmod record
891,left,sigmod record,COL title VAL the new middleware COL authors VAL r finkelstein COL venue VAL sigmod record COL year VAL 1995,the new middleware r finkelstein sigmod record
1836,left,sigmod record,"COL title VAL bluetooth-based sensor networks COL authors VAL p bonnet , a beaufour , m dydensborg , m leopold COL venue VAL sigmod record COL year VAL 2003",bluetooth-based sensor networks p bonnet sigmod record
1960,left,sigmod record,COL title VAL information rules COL authors VAL d stirling COL venue VAL sigmod record COL year VAL 2003,information rules d stirling sigmod record
27,left,sigmod record,"COL title VAL a multi-agent system infrastructure for software component market-place : an ontological perspective COL authors VAL r erdur , o dikenelli COL venue VAL sigmod record COL year VAL 2002",a multi-agent system infrastructure for software component market-place : an ontological perspective r erdur sigmod record
687,left,sigmod record,"COL title VAL temporal database bibliography update COL authors VAL v tsotras , a kumar COL venue VAL sigmod record COL year VAL 1996",temporal database bibliography update v tsotras sigmod record
18,left,sigmod record,"COL title VAL advances in databases and information systems ( adbis ) COL authors VAL a caplinskas , j eder , o vasilecas COL venue VAL sigmod record COL year VAL 2002",advances in databases and information systems ( adbis ) a caplinskas sigmod record
449,left,sigmod record,"COL title VAL dynamic service matchmaking among agents in open information environments COL authors VAL k sycara , m klusch , s widoff , j lu COL venue VAL sigmod record COL year VAL 1999",dynamic service matchmaking among agents in open information environments k sycara sigmod record
473,left,sigmod record,"COL title VAL on multi-resolution document transmission in mobile web COL authors VAL s yau , h leong , d mcleod , a si COL venue VAL sigmod record COL year VAL 1999",on multi-resolution document transmission in mobile web s yau sigmod record
724,left,sigmod record,COL title VAL opportunities in information management and assurance COL authors VAL x qian COL venue VAL sigmod record COL year VAL 1997,opportunities in information management and assurance x qian sigmod record
1964,left,sigmod record,COL title VAL fundamentals of data warehouses : 2nd revised and extended edition COL authors VAL v hoffner COL venue VAL sigmod record COL year VAL 2003,fundamentals of data warehouses : 2nd revised and extended edition v hoffner sigmod record
696,left,sigmod record,"COL title VAL database research at arizona state university COL authors VAL s urban , s dietrich , f golshani COL venue VAL sigmod record COL year VAL 1996",database research at arizona state university s urban sigmod record
494,left,sigmod record,"COL title VAL a distributed scientific data archive using the web , xml and sql/med COL authors VAL m papiani , j wason , a dunlop , d nicole COL venue VAL sigmod record COL year VAL 1999","a distributed scientific data archive using the web , xml and sql/med m papiani sigmod record"
522,left,sigmod record,"COL title VAL extracting entity profiles from semistructured information spaces COL authors VAL r nado , s huffman COL venue VAL sigmod record COL year VAL 1997",extracting entity profiles from semistructured information spaces r nado sigmod record
818,left,sigmod record,"COL title VAL the database group at university of hagen ( fernuniversitaet ) COL authors VAL g schlageter , t berkel , e heuel , s mittrach , a scherer , w wilkes COL venue VAL sigmod record COL year VAL 1995",the database group at university of hagen ( fernuniversitaet ) g schlageter sigmod record
1975,left,sigmod record,"COL title VAL issues in data stream management COL authors VAL l golab , m жzsu COL venue VAL sigmod record COL year VAL 2003",issues in data stream management l golab sigmod record
272,left,sigmod record,"COL title VAL incremental maintenance of recursive views using relational calculus/sql COL authors VAL g dong , j su COL venue VAL sigmod record COL year VAL 2000",incremental maintenance of recursive views using relational calculus/sql g dong sigmod record
499,left,sigmod record,"COL title VAL timer-driven database triggers and alerters : semantics and a challenge COL authors VAL e hanson , l noronha COL venue VAL sigmod record COL year VAL 1999",timer-driven database triggers and alerters : semantics and a challenge e hanson sigmod record
737,left,sigmod record,"COL title VAL the aggregate data problem : a system for their definition and management COL authors VAL m rafanelli , a bezenchek , l tininini COL venue VAL sigmod record COL year VAL 1996",the aggregate data problem : a system for their definition and management m rafanelli sigmod record
146,left,vldb,"COL title VAL implementing lazy database updates for an object database system COL authors VAL f ferrandina , t meyer , r zicari COL venue VAL vldb COL year VAL 1994",implementing lazy database updates for an object database system f ferrandina vldb
1252,left,vldb,"COL title VAL walking through a very large virtual environment in real-time COL authors VAL l shou , j chionh , z huang , y ruan , k tan COL venue VAL vldb COL year VAL 2001",walking through a very large virtual environment in real-time l shou vldb
1207,left,vldb,"COL title VAL hierarchical compact cube for range-max queries COL authors VAL s lee , t ling , h li COL venue VAL vldb COL year VAL 2000",hierarchical compact cube for range-max queries s lee vldb
2019,left,vldb,"COL title VAL integrated data management for mobile services in the real world COL authors VAL c hage , c jensen , t pedersen , l speicys , i timko COL venue VAL vldb COL year VAL 2003",integrated data management for mobile services in the real world c hage vldb
1592,left,vldb,"COL title VAL optimal histograms with quality guarantees COL authors VAL h jagadish , n koudas , s muthukrishnan , v poosala , k sevcik , t suel COL venue VAL vldb COL year VAL 1998",optimal histograms with quality guarantees h jagadish vldb
1678,left,vldb,"COL title VAL do n't scrap it , wrap it ! a wrapper architecture for legacy data sources COL authors VAL m roth , p schwarz COL venue VAL vldb COL year VAL 1997","do n't scrap it , wrap it ! a wrapper architecture for legacy data sources m roth vldb"
1601,left,vldb,"COL title VAL mindreader : querying databases through multiple examples COL authors VAL y ishikawa , r subramanya , c faloutsos COL venue VAL vldb COL year VAL 1998",mindreader : querying databases through multiple examples y ishikawa vldb
1585,left,vldb,"COL title VAL using schema matching to simplify heterogeneous data translation COL authors VAL t milo , s zohar COL venue VAL vldb COL year VAL 1998",using schema matching to simplify heterogeneous data translation t milo vldb
2231,left,vldb,COL title VAL exact indexing of dynamic time warping COL authors VAL e keogh COL venue VAL vldb COL year VAL 2002,exact indexing of dynamic time warping e keogh vldb
1126,left,vldb,"COL title VAL fast evaluation techniques for complex similarity queries COL authors VAL k bіhm , m mlivoncic , h schek , r weber COL venue VAL vldb COL year VAL 2001",fast evaluation techniques for complex similarity queries k bіhm vldb
89,left,vldb,"COL title VAL 2q : a low overhead high performance buffer management replacement algorithm COL authors VAL t johnson , d shasha COL venue VAL vldb COL year VAL 1994",2q : a low overhead high performance buffer management replacement algorithm t johnson vldb
2128,left,vldb,"COL title VAL incremental maintenance for non-distributive aggregate functions COL authors VAL t palpanas , r sidle , r cochrane , h pirahesh COL venue VAL vldb COL year VAL 2002",incremental maintenance for non-distributive aggregate functions t palpanas vldb
1096,left,vldb,"COL title VAL dynamic update cube for range-sum queries COL authors VAL s chun , c chung , j lee , s lee COL venue VAL vldb COL year VAL 2001",dynamic update cube for range-sum queries s chun vldb
2613,left,vldb,"COL title VAL modeling design versions COL authors VAL r ramakrishnan , d ram COL venue VAL vldb COL year VAL 1996",modeling design versions r ramakrishnan vldb
230,left,vldb,"COL title VAL persistent threads COL authors VAL f matthes , j schmidt COL venue VAL vldb COL year VAL 1994",persistent threads f matthes vldb
13,left,vldb,"COL title VAL the fittest survives : an adaptive approach to query optimization COL authors VAL h lu , k tan , s dao COL venue VAL vldb COL year VAL 1995",the fittest survives : an adaptive approach to query optimization h lu vldb
1623,left,vldb,"COL title VAL diag-join : an opportunistic join algorithm for 1 : n relationships COL authors VAL s helmer , t westmann , g moerkotte COL venue VAL vldb COL year VAL 1998",diag-join : an opportunistic join algorithm for 1 : n relationships s helmer vldb
1369,left,vldb,"COL title VAL multi-dimensional database allocation for parallel data warehouses COL authors VAL t stіhr , h mфrtens , e rahm COL venue VAL vldb COL year VAL 2000",multi-dimensional database allocation for parallel data warehouses t stіhr vldb
1763,left,vldb,COL title VAL the national medical knowledge bank COL authors VAL w sterling COL venue VAL vldb COL year VAL 1998,the national medical knowledge bank w sterling vldb
71,left,vldb,"COL title VAL bulk loading into an oodb : a performance study COL authors VAL j wiener , j naughton COL venue VAL vldb COL year VAL 1994",bulk loading into an oodb : a performance study j wiener vldb
1607,left,vldb,"COL title VAL hyper-programming in java COL authors VAL e zirintsis , g kirby , r morrison COL venue VAL vldb COL year VAL 1999",hyper-programming in java e zirintsis vldb
1568,left,vldb,COL title VAL dms : a parallel data mining server COL authors VAL f george COL venue VAL vldb COL year VAL 1998,dms : a parallel data mining server f george vldb
1226,left,vldb,"COL title VAL picodbms : validation and experience COL authors VAL n anciaux , c bobineau , l bouganim , p pucheral , p valduriez COL venue VAL vldb COL year VAL 2001",picodbms : validation and experience n anciaux vldb
2458,left,vldb j.,"COL title VAL complex relationships and knowledge discovery support in the infoquilt system COL authors VAL a sheth , s thacker , s patel COL venue VAL vldb j. COL year VAL 2003",complex relationships and knowledge discovery support in the infoquilt system a sheth vldb j.
2563,left,vldb j.,"COL title VAL the demarcation protocol : a technique for maintaining constraints in distributed database systems COL authors VAL d barbarс , h garcia-molina COL venue VAL vldb j. COL year VAL 1994",the demarcation protocol : a technique for maintaining constraints in distributed database systems d barbarс vldb j.
2531,left,vldb j.,"COL title VAL priority assignment in real-time active databases COL authors VAL r sivasankaran , j stankovic , d towsley , b purimetla , k ramamritham COL venue VAL vldb j. COL year VAL 1996",priority assignment in real-time active databases r sivasankaran vldb j.
2534,left,vldb j.,"COL title VAL alphasort : a cache-sensitive parallel external sort COL authors VAL c nyberg , t barclay , z cvetanovic , j gray , d lomet COL venue VAL vldb j. COL year VAL 1995",alphasort : a cache-sensitive parallel external sort c nyberg vldb j.
2385,left,vldb j.,"COL title VAL introduction ( special issue on multimedia databases ) COL authors VAL m жzsu , s christodoulakis COL venue VAL vldb j. COL year VAL 1998",introduction ( special issue on multimedia databases ) m жzsu vldb j.
2435,left,vldb j.,"COL title VAL the oodb path-method generator ( pmg ) using access weights and precomputed access relevance COL authors VAL a mehta , j geller , y perl , e neuhold COL venue VAL vldb j. COL year VAL 1998",the oodb path-method generator ( pmg ) using access weights and precomputed access relevance a mehta vldb j.
2415,left,vldb j.,"COL title VAL structured document storage and refined declarative and navigational access mechanisms in hyperstorm COL authors VAL k bіhm , k aberer , e neuhold , x yang COL venue VAL vldb j. COL year VAL 1997",structured document storage and refined declarative and navigational access mechanisms in hyperstorm k bіhm vldb j.
2391,left,vldb j.,"COL title VAL approximate similarity retrieval with m-trees COL authors VAL p zezula , p savino , g amato , f rabitti COL venue VAL vldb j. COL year VAL 1998",approximate similarity retrieval with m-trees p zezula vldb j.
2521,left,vldb j.,"COL title VAL fibonacci : a programming language for object databases COL authors VAL a albano , g ghelli , r orsini COL venue VAL vldb j. COL year VAL 1995",fibonacci : a programming language for object databases a albano vldb j.
2437,left,vldb j.,"COL title VAL data partitioning and load balancing in parallel disk systems COL authors VAL p scheuermann , g weikum , p zabback COL venue VAL vldb j. COL year VAL 1998",data partitioning and load balancing in parallel disk systems p scheuermann vldb j.
2292,left,vldb j.,"COL title VAL managing multiple and distributed ontologies on the semantic web COL authors VAL a maedche , b motik , l stojanovic COL venue VAL vldb j. COL year VAL 2003",managing multiple and distributed ontologies on the semantic web a maedche vldb j.
2515,left,vldb j.,"COL title VAL data placement in shared-nothing parallel database systems COL authors VAL m mehta , d dewitt COL venue VAL vldb j. COL year VAL 1997",data placement in shared-nothing parallel database systems m mehta vldb j.
2432,left,vldb j.,"COL title VAL exact : an extensible approach to active object-oriented databases COL authors VAL o dэaz , a jaime COL venue VAL vldb j. COL year VAL 1997",exact : an extensible approach to active object-oriented databases o dэaz vldb j.
2556,left,vldb j.,"COL title VAL dynamic maintenance of data distribution for selectivity estimation COL authors VAL k whang , s kim , g wiederhold COL venue VAL vldb j. COL year VAL 1994",dynamic maintenance of data distribution for selectivity estimation k whang vldb j.
2382,left,vldb j.,"COL title VAL efficient support for interactive service in multi-resolution vod systems COL authors VAL k law , j lui , l golubchik COL venue VAL vldb j. COL year VAL 1999",efficient support for interactive service in multi-resolution vod systems k law vldb j.
2376,left,vldb j.,"COL title VAL semantic heterogeneity resolution in federated databases by metadata implantation and stepwise evolution COL authors VAL g aslan , d mcleod COL venue VAL vldb j. COL year VAL 1999",semantic heterogeneity resolution in federated databases by metadata implantation and stepwise evolution g aslan vldb j.
2410,left,vldb j.,COL title VAL the impact of technology on commercial transaction processing COL authors VAL e cobb COL venue VAL vldb j. COL year VAL 1997,the impact of technology on commercial transaction processing e cobb vldb j.
2401,left,vldb j.,"COL title VAL the lham log-structured history data access method COL authors VAL p muth , p o'neil , a pick , g weikum COL venue VAL vldb j. COL year VAL 2000",the lham log-structured history data access method p muth vldb j.
2448,left,vldb j.,"COL title VAL an authorization system for digital libraries COL authors VAL e ferrari , n adam , v atluri , e bertino , u capuozzo COL venue VAL vldb j. COL year VAL 2002",an authorization system for digital libraries e ferrari vldb j.
2463,left,vldb j.,"COL title VAL efficient schemes for managing multiversionxml documents COL authors VAL s chien , v tsotras , c zaniolo COL venue VAL vldb j. COL year VAL 2002",efficient schemes for managing multiversionxml documents s chien vldb j.
2503,left,vldb j.,"COL title VAL an architecture to support scalable online personalization on the web COL authors VAL a datta , k dutta , d vandermeer , k ramamritham , s navathe COL venue VAL vldb j. COL year VAL 2001",an architecture to support scalable online personalization on the web a datta vldb j.
2477,left,vldb j.,"COL title VAL indexing very high-dimensional sparse and quasi-sparse vectors for similarity searches COL authors VAL c wang , x wang COL venue VAL vldb j. COL year VAL 2001",indexing very high-dimensional sparse and quasi-sparse vectors for similarity searches c wang vldb j.
2379,left,vldb j.,"COL title VAL fast joins using join indices COL authors VAL z li , k ross COL venue VAL vldb j. COL year VAL 1999",fast joins using join indices z li vldb j.
2174,left,vldb,"COL title VAL legodb : customizing relational storage for xml documents COL authors VAL p bohannon , j freire , j haritsa , m ramanath , p roy , j simщon COL venue VAL vldb COL year VAL 2002",legodb : customizing relational storage for xml documents p bohannon vldb
1066,left,vldb,"COL title VAL a prototype content-based retrieval system that uses virtual images to save space COL authors VAL l brown , l gruenwald COL venue VAL vldb COL year VAL 2001",a prototype content-based retrieval system that uses virtual images to save space l brown vldb
672,left,sigmod conference,"COL title VAL efficient and tunable similar set retrieval COL authors VAL a gionis , d gunopulos , n koudas COL venue VAL sigmod conference COL year VAL 2001",efficient and tunable similar set retrieval a gionis sigmod conference
1673,left,sigmod conference,"COL title VAL infoharness : a system for search and retrieval of heterogeneous information COL authors VAL l shklar , a sheth , v kashyap , s thatte COL venue VAL sigmod conference COL year VAL 1995",infoharness : a system for search and retrieval of heterogeneous information l shklar sigmod conference
1581,left,sigmod conference,"COL title VAL the lyric language : querying constraint objects COL authors VAL a brodsky , y kornatzky COL venue VAL sigmod conference COL year VAL 1995",the lyric language : querying constraint objects a brodsky sigmod conference
1860,left,sigmod record,"COL title VAL reasoning on regular path queries COL authors VAL d calvanese , g giacomo , m lenzerini , m vardi COL venue VAL sigmod record COL year VAL 2003",reasoning on regular path queries d calvanese sigmod record
163,left,sigmod record,"COL title VAL sql multimedia and application packages ( sql/mm ) COL authors VAL j melton , a eisenberg COL venue VAL sigmod record COL year VAL 2001",sql multimedia and application packages ( sql/mm ) j melton sigmod record
461,left,sigmod conference,COL title VAL going public : open-source databases and database research COL authors VAL p bonnet COL venue VAL sigmod conference COL year VAL 2002,going public : open-source databases and database research p bonnet sigmod conference
991,left,sigmod conference,COL title VAL a database perspective on lotus domino/notes COL authors VAL c mohan COL venue VAL sigmod conference COL year VAL 1999,a database perspective on lotus domino/notes c mohan sigmod conference
265,left,sigmod record,"COL title VAL design and management of data warehouses : report on the dmdw '99 workshop COL authors VAL s gatziu , m jeusfeld , m staudt , y vassiliou COL venue VAL sigmod record COL year VAL 1999",design and management of data warehouses : report on the dmdw '99 workshop s gatziu sigmod record
456,left,sigmod record,"COL title VAL a study on data point search for hg-trees COL authors VAL j kuan , p lewis COL venue VAL sigmod record COL year VAL 1999",a study on data point search for hg-trees j kuan sigmod record
28690,right,"nowâ ?? in databases , â ?? acm transactions on database systems ,","COL title VAL on the semantics of COL authors VAL j clifford , c dyreson , t isakowitz , cs jensen , r COL venue VAL nowâ ?? in databases , â ?? acm transactions on database systems , COL year VAL ","on the semantics of j clifford nowâ ?? in databases , â ?? acm transactions on database systems ,"
28465,right,"vldb ,","COL title VAL join index hierarchies for supporting efficient navigations in object-oriented databases COL authors VAL z xie , j han COL venue VAL vldb , COL year VAL 1994.0","join index hierarchies for supporting efficient navigations in object-oriented databases z xie vldb ,"
11204,right,proceedings of the 1996 acm sigmod international conference,"COL title VAL and d. shasha p. oâ ?? neil . the dangers of replication and a solution COL authors VAL jn gray , p helland COL venue VAL proceedings of the 1996 acm sigmod international conference COL year VAL ",and d. shasha p. oâ ?? neil . the dangers of replication and a solution jn gray proceedings of the 1996 acm sigmod international conference
31417,right,"proceedings of acm stoc ,","COL title VAL subquadratic algorithms for approximate clustering in high dimensional spaces COL authors VAL a borodin , r ostrofsky , y rabani COL venue VAL proceedings of acm stoc , COL year VAL ","subquadratic algorithms for approximate clustering in high dimensional spaces a borodin proceedings of acm stoc ,"
63830,right,"microsoft corporation ,","COL title VAL net applications COL authors VAL bs asp COL venue VAL microsoft corporation , COL year VAL ","net applications bs asp microsoft corporation ,"
55030,right,& hellip ; conference on very large data bases : 1987 13th,"COL title VAL the postgres data model COL authors VAL mr stonebraker , la rowe COL venue VAL & hellip ; conference on very large data bases : 1987 13th COL year VAL ",the postgres data model mr stonebraker & hellip ; conference on very large data bases : 1987 13th
39629,right,"proceedings of the conference on very large databases , & hellip ; ,","COL title VAL event-joinoptimizationintemporal relational databases COL authors VAL gh segeva COL venue VAL proceedings of the conference on very large databases , & hellip ; , COL year VAL ","event-joinoptimizationintemporal relational databases gh segeva proceedings of the conference on very large databases , & hellip ; ,"
12142,right,"proceedings of the international conference on very large & hellip ; ,","COL title VAL an efficient indexing technique for full-text database systems COL authors VAL j zobel , a moffat , r sacks-davis COL venue VAL proceedings of the international conference on very large & hellip ; , COL year VAL 1992.0","an efficient indexing technique for full-text database systems j zobel proceedings of the international conference on very large & hellip ; ,"
29138,right,"proc . vldb ,","COL title VAL query optimization for semistructured data COL authors VAL j mchugh , j widom COL venue VAL proc . vldb , COL year VAL 1999.0","query optimization for semistructured data j mchugh proc . vldb ,"
14499,right,"sigmod conference ,","COL title VAL bottom-up computation of sparse and iceberg cubes COL authors VAL k beyer , r ramakrishnan COL venue VAL sigmod conference , COL year VAL 1999.0","bottom-up computation of sparse and iceberg cubes k beyer sigmod conference ,"
11591,right,"proceedings of the acm-sigmod conference on management of & hellip ; ,","COL title VAL mining quantitative association rules in large relational tables [ c ] COL authors VAL r sfikant , r agrawal COL venue VAL proceedings of the acm-sigmod conference on management of & hellip ; , COL year VAL ","mining quantitative association rules in large relational tables [ c ] r sfikant proceedings of the acm-sigmod conference on management of & hellip ; ,"
4263,right,"proceedings of the 24 thvldb conference , new york , usa ,","COL title VAL mapinfo spatialwareâ ® a spatial information server for rdbms COL authors VAL m chebel COL venue VAL proceedings of the 24 thvldb conference , new york , usa , COL year VAL ","mapinfo spatialwareâ ® a spatial information server for rdbms m chebel proceedings of the 24 thvldb conference , new york , usa ,"
42796,right,"proceedings of the 25th international conference on very & hellip ; ,","COL title VAL user-defined table operators : enhancing extensibility for ordbms COL authors VAL m jaedicke , b mitschang COL venue VAL proceedings of the 25th international conference on very & hellip ; , COL year VAL 1999.0","user-defined table operators : enhancing extensibility for ordbms m jaedicke proceedings of the 25th international conference on very & hellip ; ,"
26215,right,"acm sigmod conf . on the management of data ,","COL title VAL access method concurrency control with recovery COL authors VAL d lomet , b salzberg COL venue VAL acm sigmod conf . on the management of data , COL year VAL ","access method concurrency control with recovery d lomet acm sigmod conf . on the management of data ,"
816,right,"proceedings of the 20th vldb conference ,","COL title VAL hilbert r-tree : an improved r-tree using hactals COL authors VAL i kamel , c faloutsos COL venue VAL proceedings of the 20th vldb conference , COL year VAL ","hilbert r-tree : an improved r-tree using hactals i kamel proceedings of the 20th vldb conference ,"
23301,right,"proceedings of the thirteenth acm sigact-sigmod-sigart & hellip ; ,","COL title VAL tutorial database mining COL authors VAL r agrawal COL venue VAL proceedings of the thirteenth acm sigact-sigmod-sigart & hellip ; , COL year VAL 1994.0","tutorial database mining r agrawal proceedings of the thirteenth acm sigact-sigmod-sigart & hellip ; ,"
36282,right,"proc . acm sigmod , portland","COL title VAL a performance evaluation of four parallel join algorithms in a shared-nothing multiprocessor COL authors VAL da scheneider , dj dewitt COL venue VAL proc . acm sigmod , portland COL year VAL ","a performance evaluation of four parallel join algorithms in a shared-nothing multiprocessor da scheneider proc . acm sigmod , portland"
23467,right,"history of programming languages ,","COL title VAL the history of fortran COL authors VAL j backus COL venue VAL history of programming languages , COL year VAL ","the history of fortran j backus history of programming languages ,"
5370,right,"acm trans . database syst ,","COL title VAL the theory of joins in databases COL authors VAL av aho , c beeri , jd ullman COL venue VAL acm trans . database syst , COL year VAL ","the theory of joins in databases av aho acm trans . database syst ,"
63567,right,"proc . sigmod conf ,","COL title VAL tree logical classes for efficient evaluation of xquery COL authors VAL s paparizos , y wu , lvs lakshmanan , hv jagadish COL venue VAL proc . sigmod conf , COL year VAL 2004.0","tree logical classes for efficient evaluation of xquery s paparizos proc . sigmod conf ,"
12611,right,"scientific standards of psychological practice : issues and & hellip ; ,","COL title VAL standards of practice COL authors VAL rm dawes COL venue VAL scientific standards of psychological practice : issues and & hellip ; , COL year VAL ","standards of practice rm dawes scientific standards of psychological practice : issues and & hellip ; ,"
30046,right,"proc . acm sigir ,","COL title VAL a model to query documents by contents and structure COL authors VAL g navarro , r baeza-yates COL venue VAL proc . acm sigir , COL year VAL ","a model to query documents by contents and structure g navarro proc . acm sigir ,"
11392,right,"electronic markets ,","COL title VAL electronic commerce in india : the untapped potential COL authors VAL s bhatnagar COL venue VAL electronic markets , COL year VAL ","electronic commerce in india : the untapped potential s bhatnagar electronic markets ,"
33342,right,"ieee workshop on res . issues in data eng . ( ride-97 ) ,","COL title VAL seck . t. lh * s : a high-availability and high-security scalable distributed data structure COL authors VAL w litwin , ma neimat , g levy , s ndiaye COL venue VAL ieee workshop on res . issues in data eng . ( ride-97 ) , COL year VAL ","seck . t. lh * s : a high-availability and high-security scalable distributed data structure w litwin ieee workshop on res . issues in data eng . ( ride-97 ) ,"
24023,right,"proc . of acm sigmod conf , may ,","COL title VAL secure transaction processing in real-time database systems COL authors VAL b george , j haritsa COL venue VAL proc . of acm sigmod conf , may , COL year VAL ","secure transaction processing in real-time database systems b george proc . of acm sigmod conf , may ,"
1729,right,"proceedings of the 1980 acm sigmod international conference & hellip ; ,","COL title VAL cost evaluation of directory management schemes for distributed database systems COL authors VAL y matsushita , h yamazaki , s hikita , i yoshida COL venue VAL proceedings of the 1980 acm sigmod international conference & hellip ; , COL year VAL 1980.0","cost evaluation of directory management schemes for distributed database systems y matsushita proceedings of the 1980 acm sigmod international conference & hellip ; ,"
52155,right,"proc . 25th international conf . on very large databases ,","COL title VAL histogram-based techniques for approximating set-valued query-answers COL authors VAL y ioannidis , v poosala COL venue VAL proc . 25th international conf . on very large databases , COL year VAL ","histogram-based techniques for approximating set-valued query-answers y ioannidis proc . 25th international conf . on very large databases ,"
33677,right,"proc . acm sigmod conference ,","COL title VAL vassalos . templatebasedwrappers in the tsimmis system COL authors VAL j hammer , s nestorov , h garcia-molina , r yerneni , COL venue VAL proc . acm sigmod conference , COL year VAL ","vassalos . templatebasedwrappers in the tsimmis system j hammer proc . acm sigmod conference ,"
9659,right,"acm transactions on database systems ,","COL title VAL performance evaluation of attribute-based tree organization COL authors VAL v gopalakrishna , ce veni madhavan COL venue VAL acm transactions on database systems , COL year VAL 1980.0","performance evaluation of attribute-based tree organization v gopalakrishna acm transactions on database systems ,"
3109,right,"proc . of the 23rd acm sigact sigmod sigart sym . on & hellip ; ,","COL title VAL logical foundations of peer-to-peer data integration COL authors VAL d calvanese , g de giacomo , m lenzerini , r rosati COL venue VAL proc . of the 23rd acm sigact sigmod sigart sym . on & hellip ; , COL year VAL 2004.0","logical foundations of peer-to-peer data integration d calvanese proc . of the 23rd acm sigact sigmod sigart sym . on & hellip ; ,"
29050,right,"& hellip ; on extending database technology : advances in database & hellip ; ,","COL title VAL scalable update propagation in epidemic replicated databases COL authors VAL m rabinovich , nh gehani , a kononov COL venue VAL & hellip ; on extending database technology : advances in database & hellip ; , COL year VAL 1996.0","scalable update propagation in epidemic replicated databases m rabinovich & hellip ; on extending database technology : advances in database & hellip ; ,"
15699,right,"acm transactions on database systems ,","COL title VAL automatic deduction of temporal information COL authors VAL r maiocchi , b pernici , f barbic COL venue VAL acm transactions on database systems , COL year VAL 1992.0","automatic deduction of temporal information r maiocchi acm transactions on database systems ,"
22503,right,"proc . 26th int . conf . on very large databases ,","COL title VAL practical applications of triggers and constraints : success and lingering issues COL authors VAL s ceri , r cochrane , j widom COL venue VAL proc . 26th int . conf . on very large databases , COL year VAL 2000.0","practical applications of triggers and constraints : success and lingering issues s ceri proc . 26th int . conf . on very large databases ,"
8602,right,"development and demonstration of an ocu-style message & hellip ; ,","COL title VAL final report COL authors VAL c plinta , sbr phase COL venue VAL development and demonstration of an ocu-style message & hellip ; , COL year VAL ","final report c plinta development and demonstration of an ocu-style message & hellip ; ,"
11444,right,"bombay ,","COL title VAL the x-tree : an index structure for high-dimensional data . 22nd conf . on very large database , 1996 COL authors VAL s berchtold , d keim , hp kriegel COL venue VAL bombay , COL year VAL ","the x-tree : an index structure for high-dimensional data . 22nd conf . on very large database , 1996 s berchtold bombay ,"
4845,right,"proc . conf . very large data bases ( vldb ) ,","COL title VAL nearest-neighbor search in medical image databases COL authors VAL f korn , n sidiropoulos , c faloutsos , e siegel , z COL venue VAL proc . conf . very large data bases ( vldb ) , COL year VAL ","nearest-neighbor search in medical image databases f korn proc . conf . very large data bases ( vldb ) ,"
61884,right,proc . of,"COL title VAL narasayyav . automated selection of materialized views and indexes in microsoft sql server COL authors VAL s agrawal , s chaudhuri COL venue VAL proc . of COL year VAL ",narasayyav . automated selection of materialized views and indexes in microsoft sql server s agrawal proc . of
18225,right,"proceedings of acm conf . on comp . documentation ,","COL title VAL the software concordance : a new software document management environment COL authors VAL tn nguyen , ev munson COL venue VAL proceedings of acm conf . on comp . documentation , COL year VAL 2003.0","the software concordance : a new software document management environment tn nguyen proceedings of acm conf . on comp . documentation ,"
15751,right,"proceedings of the 2005 acm sigmod international conference & hellip ; ,","COL title VAL a native extension of sql for mining data streams COL authors VAL c luo , h thakkar , h wang , c zaniolo COL venue VAL proceedings of the 2005 acm sigmod international conference & hellip ; , COL year VAL 2005.0","a native extension of sql for mining data streams c luo proceedings of the 2005 acm sigmod international conference & hellip ; ,"
58244,right,"proc . acm sigmod â ?? 89 , seattle , wa ,","COL title VAL concurrency control in a groupware system COL authors VAL c hllis , s gibbs COL venue VAL proc . acm sigmod â ?? 89 , seattle , wa , COL year VAL ","concurrency control in a groupware system c hllis proc . acm sigmod â ?? 89 , seattle , wa ,"
55545,right,"new york : in proc . of the vldb conference ,","COL title VAL algorithms for mining distance-based outliers in large database COL authors VAL k edwin , r ng COL venue VAL new york : in proc . of the vldb conference , COL year VAL ","algorithms for mining distance-based outliers in large database k edwin new york : in proc . of the vldb conference ,"
19411,right,"proceedings of the 1991 acm sigmod international conference & hellip ; ,","COL title VAL set-oriented constructs : from rete rule bases to database systems COL authors VAL dn gordin , aj pasik COL venue VAL proceedings of the 1991 acm sigmod international conference & hellip ; , COL year VAL 1991.0","set-oriented constructs : from rete rule bases to database systems dn gordin proceedings of the 1991 acm sigmod international conference & hellip ; ,"
32303,right,acm,"COL title VAL balancinghistogramoptimalityand practicalityforquery result size estimation COL authors VAL ye ioannidis , v poosala COL venue VAL acm COL year VAL ",balancinghistogramoptimalityand practicalityforquery result size estimation ye ioannidis acm
32315,right,"vldb supercomputing databases workshop , rome , september ,","COL title VAL tertiary storage support for multidimensional data COL authors VAL b reiner COL venue VAL vldb supercomputing databases workshop , rome , september , COL year VAL ","tertiary storage support for multidimensional data b reiner vldb supercomputing databases workshop , rome , september ,"
29529,right,"data & knowledge engineering ,","COL title VAL range queries in dynamic olap data cubes COL authors VAL w liang , h wang , me orlowska COL venue VAL data & knowledge engineering , COL year VAL 2000.0","range queries in dynamic olap data cubes w liang data & knowledge engineering ,"
5525,right,"proceedings of the 17th international conference on vldb , & hellip ; ,","COL title VAL ode as an active database : constraints and rules COL authors VAL n gehani , h jagadish COL venue VAL proceedings of the 17th international conference on vldb , & hellip ; , COL year VAL ","ode as an active database : constraints and rules n gehani proceedings of the 17th international conference on vldb , & hellip ; ,"
60173,right,"proceedings of the 25th vldb , september ,","COL title VAL similarity search in high dimensions via hashing COL authors VAL p indyk , a gionis , r motwani COL venue VAL proceedings of the 25th vldb , september , COL year VAL ","similarity search in high dimensions via hashing p indyk proceedings of the 25th vldb , september ,"
2336,right,"proceedings of the 31st international conference on very & hellip ; ,","COL title VAL predicalc : a logical spreadsheet management system COL authors VAL m kassoff , lm zen , a garg , m genesereth COL venue VAL proceedings of the 31st international conference on very & hellip ; , COL year VAL 2005.0","predicalc : a logical spreadsheet management system m kassoff proceedings of the 31st international conference on very & hellip ; ,"
35979,right,"acm transactions on database systems ( tods ) ,","COL title VAL multiple-query optimization COL authors VAL ks timos COL venue VAL acm transactions on database systems ( tods ) , COL year VAL ","multiple-query optimization ks timos acm transactions on database systems ( tods ) ,"
63989,right,"proc . of acm sigmod , san jose , ca ,","COL title VAL ands . jajodia , semanticassumptionsandqueryevaluation in temporal databases COL authors VAL c bettini , x wang , e bertino COL venue VAL proc . of acm sigmod , san jose , ca , COL year VAL ","ands . jajodia , semanticassumptionsandqueryevaluation in temporal databases c bettini proc . of acm sigmod , san jose , ca ,"
33639,right,"conference on management of data ( sigmod ) ,","COL title VAL catching the boat with strudel : experiences with a web-site management system . acm intl COL authors VAL mf fernandez , d florescu , j kang , ay levy , d suciu COL venue VAL conference on management of data ( sigmod ) , COL year VAL ","catching the boat with strudel : experiences with a web-site management system . acm intl mf fernandez conference on management of data ( sigmod ) ,"
20104,right,"history of programming languages -- ii table of contents ,","COL title VAL the development of the c programming language COL authors VAL dm ritchie COL venue VAL history of programming languages -- ii table of contents , COL year VAL 1996.0","the development of the c programming language dm ritchie history of programming languages -- ii table of contents ,"
15812,right,"proc . acm sigmod int . conf . management of data , san jose , ca & hellip ; ,","COL title VAL incompleteinformation and dependencies in relational databases , '' COL authors VAL tiw lipski COL venue VAL proc . acm sigmod int . conf . management of data , san jose , ca & hellip ; , COL year VAL ","incompleteinformation and dependencies in relational databases , '' tiw lipski proc . acm sigmod int . conf . management of data , san jose , ca & hellip ; ,"
7071,right,"vldb ,","COL title VAL grid and applications ( industrial session ) COL authors VAL f leymann COL venue VAL vldb , COL year VAL 2003.0","grid and applications ( industrial session ) f leymann vldb ,"
10073,right,"proceedings of the vldb 8th internationalworkshop on & hellip ; ,","COL title VAL towards a theory of advanced transaction models in the situation calculus COL authors VAL i kiringa COL venue VAL proceedings of the vldb 8th internationalworkshop on & hellip ; , COL year VAL ","towards a theory of advanced transaction models in the situation calculus i kiringa proceedings of the vldb 8th internationalworkshop on & hellip ; ,"
34451,right,proc . acm sigmod int &#39; l conference on management of,COL title VAL 1997 . infosleuth : agent-based semantic integration of information in open and dynamic environments COL authors VAL r bayardoâ ? ¦ COL venue VAL proc . acm sigmod int &#39; l conference on management of COL year VAL ,1997 . infosleuth : agent-based semantic integration of information in open and dynamic environments r bayardoâ ? ¦ proc . acm sigmod int &#39; l conference on management of
23708,right,international conference on very large data bases ( vldbâ ?? 99,"COL title VAL implementation of two semantic query optimization techniques in db2 universal databaseâ '' , atkinson COL authors VAL q cheng , j gryz , f koo , tyc leung , l liu , x qian , COL venue VAL international conference on very large data bases ( vldbâ ?? 99 COL year VAL ","implementation of two semantic query optimization techniques in db2 universal databaseâ '' , atkinson q cheng international conference on very large data bases ( vldbâ ?? 99"
14824,right,"multimedia tools and applications ,","COL title VAL dynamic buffer management for near video-on-demand systems COL authors VAL wj tsai , sy lee COL venue VAL multimedia tools and applications , COL year VAL 1998.0","dynamic buffer management for near video-on-demand systems wj tsai multimedia tools and applications ,"
26011,right,acm sigmod,"COL title VAL editors . a glossary of temporal database concepts COL authors VAL cs jensen , j cliord , r elmasri , sk gadia , p hayes , COL venue VAL acm sigmod COL year VAL ",editors . a glossary of temporal database concepts cs jensen acm sigmod
56743,right,"proc . acm sigmod ,","COL title VAL r-tree : a dynamic index structure for spatial search COL authors VAL a guttman COL venue VAL proc . acm sigmod , COL year VAL ","r-tree : a dynamic index structure for spatial search a guttman proc . acm sigmod ,"
17325,right,"proc . of the vldb conference , santiago , chile , september ,","COL title VAL fastalgorithmsformining association rules COL authors VAL rar srikant COL venue VAL proc . of the vldb conference , santiago , chile , september , COL year VAL ","fastalgorithmsformining association rules rar srikant proc . of the vldb conference , santiago , chile , september ,"
54508,right,"proc . sigmod conference ,","COL title VAL etal . capability-based mediation in tsimmis COL authors VAL c li , r yerneni COL venue VAL proc . sigmod conference , COL year VAL ","etal . capability-based mediation in tsimmis c li proc . sigmod conference ,"
14963,right,"proceeding of acm sigmod ,","COL title VAL r-tree : a dynamic index structure for spatial searching COL authors VAL g antonin COL venue VAL proceeding of acm sigmod , COL year VAL ","r-tree : a dynamic index structure for spatial searching g antonin proceeding of acm sigmod ,"
34093,right,proc . 20th int . conf . on very large data,COL title VAL andc . faloutsos 1994 . hilbert r-tree : an improvedr-tree using fractals COL authors VAL i kamel COL venue VAL proc . 20th int . conf . on very large data COL year VAL ,andc . faloutsos 1994 . hilbert r-tree : an improvedr-tree using fractals i kamel proc . 20th int . conf . on very large data
22948,right,"proceedings of 20th international conference on very large & hellip ; ,","COL title VAL access to objects by path expressions and rules . vldbâ ?? 94 COL authors VAL j frohn , g lausen , h uphoff COL venue VAL proceedings of 20th international conference on very large & hellip ; , COL year VAL ","access to objects by path expressions and rules . vldbâ ?? 94 j frohn proceedings of 20th international conference on very large & hellip ; ,"
27329,right,"acm sigmod record ,","COL title VAL database research at at & t bell laboratories COL authors VAL hv jagadish COL venue VAL acm sigmod record , COL year VAL 1993.0","database research at at & t bell laboratories hv jagadish acm sigmod record ,"
49237,right,"international resource management association conference ,","COL title VAL technology trust : the next value creator in b2b electronic commerce COL authors VAL p ratnasingam , p pavlou COL venue VAL international resource management association conference , COL year VAL ","technology trust : the next value creator in b2b electronic commerce p ratnasingam international resource management association conference ,"
40965,right,"proc . int . conf . on data engineering ,","COL title VAL fjording the stream : an architecture for queries over streaming data COL authors VAL fjs madden COL venue VAL proc . int . conf . on data engineering , COL year VAL ","fjording the stream : an architecture for queries over streaming data fjs madden proc . int . conf . on data engineering ,"
64023,right,"international journal on digital libraries ,","COL title VAL an open electronic marketplace through agent-based workflows : moppet COL authors VAL s arpinar , a dogac , n tatbul COL venue VAL international journal on digital libraries , COL year VAL 2000.0","an open electronic marketplace through agent-based workflows : moppet s arpinar international journal on digital libraries ,"
7163,right,"proc . acm sigmod conference ,","COL title VAL srinivasan . accessing relational databases fromtheworld wide web COL authors VAL t nguyenandv COL venue VAL proc . acm sigmod conference , COL year VAL ","srinivasan . accessing relational databases fromtheworld wide web t nguyenandv proc . acm sigmod conference ,"
59133,right,"proc26thintconfonvery large data bases ,","COL title VAL is genericmetadata management feasible ? paneloverview COL authors VAL pa bernstein COL venue VAL proc26thintconfonvery large data bases , COL year VAL ","is genericmetadata management feasible ? paneloverview pa bernstein proc26thintconfonvery large data bases ,"
27481,right,"acm transactions on database systems ,","COL title VAL temporal probabilistic databases , i : algebra COL authors VAL a dekhtyar , r ross , vs subrahmanian COL venue VAL acm transactions on database systems , COL year VAL ","temporal probabilistic databases , i : algebra a dekhtyar acm transactions on database systems ,"
2819,right,"data engineering , 2004 . proceedings . 20th international","COL title VAL ne xs ort : sorting xml in external memory COL authors VAL a silberstein , j yang COL venue VAL data engineering , 2004 . proceedings . 20th international COL year VAL ","ne xs ort : sorting xml in external memory a silberstein data engineering , 2004 . proceedings . 20th international"
29204,right,"proceedings of the 1985 acm sigmod international conference & hellip ; ,","COL title VAL isis : interface for a semantic information system COL authors VAL kj goldman , sa goldman , pc kanellakis , sb zdonik COL venue VAL proceedings of the 1985 acm sigmod international conference & hellip ; , COL year VAL 1985.0","isis : interface for a semantic information system kj goldman proceedings of the 1985 acm sigmod international conference & hellip ; ,"
58579,right,acm transactions on database,"COL title VAL the dengn and implementation of ingres COL authors VAL m stonebraker , e wong , p kreps , gd held COL venue VAL acm transactions on database COL year VAL ",the dengn and implementation of ingres m stonebraker acm transactions on database
1626,right,"technical report , 1997-062 , department of computer science ,","COL title VAL efficient concurrency control for broadcast environments COL authors VAL j shnmugasundram , a nithrakashyap , r sivasankaran , COL venue VAL technical report , 1997-062 , department of computer science , COL year VAL ","efficient concurrency control for broadcast environments j shnmugasundram technical report , 1997-062 , department of computer science ,"
46802,right,"proceedings of the 24th annual hawaii international & hellip ; ,","COL title VAL model integration in an objected-oriented environment COL authors VAL l tung , r ramirez , rd st louis COL venue VAL proceedings of the 24th annual hawaii international & hellip ; , COL year VAL ","model integration in an objected-oriented environment l tung proceedings of the 24th annual hawaii international & hellip ; ,"
26860,right,"optimization techniques , and experiments , in vldb ,","COL title VAL aquery : query language for ordered data COL authors VAL a lerner , d shasha COL venue VAL optimization techniques , and experiments , in vldb , COL year VAL ","aquery : query language for ordered data a lerner optimization techniques , and experiments , in vldb ,"
39391,right,"16th vldb ,","COL title VAL the time index : an access structure for temporai data COL authors VAL r ehuasri , gtj wuu , yj kim COL venue VAL 16th vldb , COL year VAL ","the time index : an access structure for temporai data r ehuasri 16th vldb ,"
22338,right,sigmod,"COL title VAL m. hauswirth a framework for semantic gossiping COL authors VAL k aberer , p cudrã © - mauroux COL venue VAL sigmod COL year VAL ",m. hauswirth a framework for semantic gossiping k aberer sigmod
41794,right,microsoft,"COL title VAL integrating data mining with sql database : ole db fro data mining COL authors VAL a netz , s chaudhuri , u fayyad , j bernhardt COL venue VAL microsoft COL year VAL ",integrating data mining with sql database : ole db fro data mining a netz microsoft
46805,right,"proc . vldb ã cents ,","COL title VAL ã cents â ? ¬ å?recovering information from summary dataã cents â ? ¬ â ? COL authors VAL c faloutsos , hv jagadish , nd sidiropoulos COL venue VAL proc . vldb ã cents , COL year VAL ","ã cents â ? ¬ å?recovering information from summary dataã cents â ? ¬ â ? c faloutsos proc . vldb ã cents ,"
48490,right,"proc acm sigact sigmod sigart symp princ database syst ,","COL title VAL substring selectivity estimation COL authors VAL hv jagadish , d srivastava COL venue VAL proc acm sigact sigmod sigart symp princ database syst , COL year VAL 1999.0","substring selectivity estimation hv jagadish proc acm sigact sigmod sigart symp princ database syst ,"
22973,right,vldb,"COL title VAL a benchmark for xml data management COL authors VAL a schmidt , f waas , m kersten , m carey , i manolescu COL venue VAL vldb COL year VAL ",a benchmark for xml data management a schmidt vldb
22975,right,"data & knowledge engineering ,","COL title VAL schema evolution in object-oriented database systems COL authors VAL gt nguyen , d rieu COL venue VAL data & knowledge engineering , COL year VAL 1989.0","schema evolution in object-oriented database systems gt nguyen data & knowledge engineering ,"
34770,right,"proceedings of the 27th international conference on very & hellip ; ,","COL title VAL storage service providers : a solution for storage management ? ( panel ) COL authors VAL b ã?zden , e gabber , b hillyer , wt ng , eam shriver , COL venue VAL proceedings of the 27th international conference on very & hellip ; , COL year VAL 2001.0","storage service providers : a solution for storage management ? ( panel ) b ã?zden proceedings of the 27th international conference on very & hellip ; ,"
36900,right,"athens greece ,","COL title VAL optimizing queries accross diverse data sources . 23th vldb conf COL authors VAL l haas , d kossmann , e wimmers , j yang COL venue VAL athens greece , COL year VAL ","optimizing queries accross diverse data sources . 23th vldb conf l haas athens greece ,"
44136,right,"proceedings of 28th international conference on very large & hellip ; ,","COL title VAL quotient cube : how to summarize the semantics of a data cubefast COL authors VAL l lakshmanan , j pei , j han COL venue VAL proceedings of 28th international conference on very large & hellip ; , COL year VAL ","quotient cube : how to summarize the semantics of a data cubefast l lakshmanan proceedings of 28th international conference on very large & hellip ; ,"
8559,right,_none,COL title VAL guest editor 's introduction COL authors VAL portal.acm.org COL venue VAL  COL year VAL ,guest editor 's introduction portal.acm.org
27523,right,"lecture notes in computer science ,","COL title VAL merging with integrity constraints COL authors VAL s konieczny , rp perez COL venue VAL lecture notes in computer science , COL year VAL 1999.0","merging with integrity constraints s konieczny lecture notes in computer science ,"
9933,right,"proceeding of the fifteenth acm symposium on operating & hellip ; ,","COL title VAL dynamic content acceleration : a caching solution to enable scalable dynamic web page generation COL authors VAL kdkrh thomas , a datta , d vandermeer COL venue VAL proceeding of the fifteenth acm symposium on operating & hellip ; , COL year VAL ","dynamic content acceleration : a caching solution to enable scalable dynamic web page generation kdkrh thomas proceeding of the fifteenth acm symposium on operating & hellip ; ,"
33000,right,"proc . vldb ,","COL title VAL ps yu . a framework for clustering evolving data streams COL authors VAL cc aggarwal , j han , j wang COL venue VAL proc . vldb , COL year VAL ","ps yu . a framework for clustering evolving data streams cc aggarwal proc . vldb ,"
42212,right,proc . acm sigmod workshop on combining declarative and,"COL title VAL specific features of a deductive object-oriented database language ã?ã?ã ? ã?ã ? COL authors VAL k yokota , h tsuda , y morita COL venue VAL proc . acm sigmod workshop on combining declarative and COL year VAL ",specific features of a deductive object-oriented database language ã?ã?ã ? ã?ã ? k yokota proc . acm sigmod workshop on combining declarative and
23672,right,"sigmod rec ,","COL title VAL mt zsu . issues in data stream management COL authors VAL l golab COL venue VAL sigmod rec , COL year VAL ","mt zsu . issues in data stream management l golab sigmod rec ,"
39306,right,"discrete and computational geometry ,","COL title VAL nearest neighbor queries in metric spaces COL authors VAL kl clarkson COL venue VAL discrete and computational geometry , COL year VAL 1999.0","nearest neighbor queries in metric spaces kl clarkson discrete and computational geometry ,"
29867,right,"proceedings of the 1981 acm sigmod international conference & hellip ; ,","COL title VAL fundamentals of data element definition COL authors VAL rm curtice COL venue VAL proceedings of the 1981 acm sigmod international conference & hellip ; , COL year VAL 1981.0","fundamentals of data element definition rm curtice proceedings of the 1981 acm sigmod international conference & hellip ; ,"
4711,right,"proc . acm sigmod conf. , tucson , az , may ,","COL title VAL pull for broadcast data COL authors VAL s acharya , m franklin , s zdonik , b push COL venue VAL proc . acm sigmod conf. , tucson , az , may , COL year VAL ","pull for broadcast data s acharya proc . acm sigmod conf. , tucson , az , may ,"
22625,right,vldb journal ( may,"COL title VAL integrated document prefetching and caching in hierarchical storage based on markov-chain COL authors VAL a kraiss , g weikum COL venue VAL vldb journal ( may COL year VAL ",integrated document prefetching and caching in hierarchical storage based on markov-chain a kraiss vldb journal ( may
1025,right,"the academy of management review ,","COL title VAL the architecture of simplicity COL authors VAL d miller COL venue VAL the academy of management review , COL year VAL 1993.0","the architecture of simplicity d miller the academy of management review ,"
35798,right,"ibm research report , ibm almaden research center , january ,","COL title VAL an efficient indexing method for partitioned data COL authors VAL d choy , c mohan COL venue VAL ibm research report , ibm almaden research center , january , COL year VAL ","an efficient indexing method for partitioned data d choy ibm research report , ibm almaden research center , january ,"
9729,right,"md ,","COL title VAL discovering multi-level classification rules in platelet transfusion databases , university of COL authors VAL m taylor COL venue VAL md , COL year VAL ","discovering multi-level classification rules in platelet transfusion databases , university of m taylor md ,"
63049,right,"data engineering , 2004 . proceedings . 20th international","COL title VAL raccoon : a peer-based system for data integration and sharing COL authors VAL c li , j li , q zhong COL venue VAL data engineering , 2004 . proceedings . 20th international COL year VAL ","raccoon : a peer-based system for data integration and sharing c li data engineering , 2004 . proceedings . 20th international"
34046,right,"proc . 23rd conf . very large databases ,","COL title VAL geo/environmentalandmedicaldatamanagement in the rasdaman system COL authors VAL p baumann , p furtado , r ritsch , n andwidmann COL venue VAL proc . 23rd conf . very large databases , COL year VAL ","geo/environmentalandmedicaldatamanagement in the rasdaman system p baumann proc . 23rd conf . very large databases ,"
34858,right,"bt technology journal ,","COL title VAL video codingâ ?? techniques , standards and applications COL authors VAL mw whybray , gd morrison , pj mulroy COL venue VAL bt technology journal , COL year VAL 1997.0","video codingâ ?? techniques , standards and applications mw whybray bt technology journal ,"
56612,right,"proc . acm sigmod workshop on data description , access and & hellip ; ,","COL title VAL an approach to implementing a relational data base management system COL authors VAL jb rothnie COL venue VAL proc . acm sigmod workshop on data description , access and & hellip ; , COL year VAL ","an approach to implementing a relational data base management system jb rothnie proc . acm sigmod workshop on data description , access and & hellip ; ,"
35592,right,"proc . of acm sigmod ,","COL title VAL lazy evaluation of active xml queries COL authors VAL s abiteboul , o benjelloun , b cautis , i manolescu , COL venue VAL proc . of acm sigmod , COL year VAL ","lazy evaluation of active xml queries s abiteboul proc . of acm sigmod ,"
45127,right,"proc . of sigmod conf ,","COL title VAL implementation of magic sets in starburst COL authors VAL is mumick , h pirahesh COL venue VAL proc . of sigmod conf , COL year VAL ","implementation of magic sets in starburst is mumick proc . of sigmod conf ,"
25768,right,"proc . llth international conf . on vldb ,","COL title VAL an evaluation of buffer replacement strategies for relational database systems COL authors VAL h chou , d dewitt COL venue VAL proc . llth international conf . on vldb , COL year VAL ","an evaluation of buffer replacement strategies for relational database systems h chou proc . llth international conf . on vldb ,"
13063,right,"proceedings of the 1997 acm sigmod international conference & hellip ; ,","COL title VAL languages for multi-database interoperability COL authors VAL f gingras , lvs lakshmanan , in subramanian , d COL venue VAL proceedings of the 1997 acm sigmod international conference & hellip ; , COL year VAL 1997.0","languages for multi-database interoperability f gingras proceedings of the 1997 acm sigmod international conference & hellip ; ,"
64259,right,"acm transactions on database systems ( tods ) ,","COL title VAL source acm transactions on database systems ( tods ) archive COL authors VAL rw taylor COL venue VAL acm transactions on database systems ( tods ) , COL year VAL 1983.0","source acm transactions on database systems ( tods ) archive rw taylor acm transactions on database systems ( tods ) ,"
55464,right,proc .,"COL title VAL on the computation of multidimensional aggregates COL authors VAL sa bit971 , r agrawal , p deshpande , a gupta , j COL venue VAL proc . COL year VAL ",on the computation of multidimensional aggregates sa bit971 proc .
38406,right,"int . conf . on management of data ( sigmod ) ,","COL title VAL d angers of replication and a solution COL authors VAL j gray , p helland , poâ ?? neil , d shasha COL venue VAL int . conf . on management of data ( sigmod ) , COL year VAL ","d angers of replication and a solution j gray int . conf . on management of data ( sigmod ) ,"
38402,right,"technical report tr-97-03 , dsl/serc , indian institute of science","COL title VAL robust real-time index concurrency control COL authors VAL s narayanan , b goyal , j haritsa , s seshadri COL venue VAL technical report tr-97-03 , dsl/serc , indian institute of science COL year VAL ","robust real-time index concurrency control s narayanan technical report tr-97-03 , dsl/serc , indian institute of science"
19179,right,proceedings of the acm sigmod international conference on,"COL title VAL a query languageand optimizationtechnieques for unstructured data COL authors VAL p buneman , s davidson , g hillebrand , d suciu COL venue VAL proceedings of the acm sigmod international conference on COL year VAL ",a query languageand optimizationtechnieques for unstructured data p buneman proceedings of the acm sigmod international conference on
4575,right,tutorial vldb,"COL title VAL managing financial time series data : object-relational and object database systems COL authors VAL l molesky , m caruso COL venue VAL tutorial vldb COL year VAL ",managing financial time series data : object-relational and object database systems l molesky tutorial vldb
21922,right,proc . acm sigmod int . conf . management,"COL title VAL efficiently supporting ad hoc queries in large datasets of time sequences COL authors VAL kf jagadish , h faloutsos COL venue VAL proc . acm sigmod int . conf . management COL year VAL ",efficiently supporting ad hoc queries in large datasets of time sequences kf jagadish proc . acm sigmod int . conf . management
32152,right,"submitted for publication ,","COL title VAL scalable query processing in dynamic and open environments : an approach based on information COL authors VAL e mena , v kashyap , a illarramendi , a sheth COL venue VAL submitted for publication , COL year VAL ","scalable query processing in dynamic and open environments : an approach based on information e mena submitted for publication ,"
52306,right,"vldb ,","COL title VAL materialized view selection in a multidimensional database COL authors VAL e baralis , s paraboschi , e teniente COL venue VAL vldb , COL year VAL 1997.0","materialized view selection in a multidimensional database e baralis vldb ,"
29067,right,proc . 20th int . conf . on very large data,"COL title VAL 1994 . the impact of global clustering on spatial database systems COL authors VAL t brinkho , hp kriegel COL venue VAL proc . 20th int . conf . on very large data COL year VAL ",1994 . the impact of global clustering on spatial database systems t brinkho proc . 20th int . conf . on very large data
2170,right,"european law journal ,","COL title VAL guest editorial COL authors VAL z bankowski , a scott , f snyder COL venue VAL european law journal , COL year VAL 1998.0","guest editorial z bankowski european law journal ,"
14827,right,"acm sigmod record , march ,","COL title VAL implementation of data abstraction in the relational system , ingres COL authors VAL j ongâ ? ¦ COL venue VAL acm sigmod record , march , COL year VAL ","implementation of data abstraction in the relational system , ingres j ongâ ? ¦ acm sigmod record , march ,"
17431,right,computer,COL title VAL dynamic routing strategies for wdm networks COL authors VAL j spath COL venue VAL computer COL year VAL ,dynamic routing strategies for wdm networks j spath computer
36969,right,"proceedings of the 25th international conference on very & hellip ; ,","COL title VAL an adaptive hybrid server architecture for client caching odbmss COL authors VAL k voruganti , mt ã?zsu , rc unrau COL venue VAL proceedings of the 25th international conference on very & hellip ; , COL year VAL 1999.0","an adaptive hybrid server architecture for client caching odbmss k voruganti proceedings of the 25th international conference on very & hellip ; ,"
33235,right,"ieee transactions on fuzzy systems ,","COL title VAL mining fuzzy association rules in a bank-account database COL authors VAL wh au , kcc chan COL venue VAL ieee transactions on fuzzy systems , COL year VAL 2003.0","mining fuzzy association rules in a bank-account database wh au ieee transactions on fuzzy systems ,"
28228,right,"& hellip ; - driven evaluation . new directions for program evaluation , & hellip ; ,","COL title VAL pattern matching and program theory COL authors VAL w trochim COL venue VAL & hellip ; - driven evaluation . new directions for program evaluation , & hellip ; , COL year VAL ","pattern matching and program theory w trochim & hellip ; - driven evaluation . new directions for program evaluation , & hellip ; ,"
45271,right,"proceedings of the 12th vldb ,","COL title VAL a study of index structures for main memory database management systems COL authors VAL tjlmj carey COL venue VAL proceedings of the 12th vldb , COL year VAL ","a study of index structures for main memory database management systems tjlmj carey proceedings of the 12th vldb ,"
4315,right,"proceedings of the 2005 acm sigmod international conference & hellip ; ,","COL title VAL meta-data version and configuration management in multi-vendor environments COL authors VAL jr friedrich COL venue VAL proceedings of the 2005 acm sigmod international conference & hellip ; , COL year VAL 2005.0","meta-data version and configuration management in multi-vendor environments jr friedrich proceedings of the 2005 acm sigmod international conference & hellip ; ,"
45957,right,"proc . acm-sigmod int . conf . on management of data ,","COL title VAL â ?? on extending the relational database system COL authors VAL rl haskin , ra lorie COL venue VAL proc . acm-sigmod int . conf . on management of data , COL year VAL ","â ?? on extending the relational database system rl haskin proc . acm-sigmod int . conf . on management of data ,"
37555,right,"technical report , stanford university , february ,","COL title VAL tutorial , '' COL authors VAL s goldschmidt , h davis , t introduction COL venue VAL technical report , stanford university , february , COL year VAL ","tutorial , '' s goldschmidt technical report , stanford university , february ,"
17151,right,"& hellip ; of the acm international conference on management of data ( & hellip ; ,","COL title VAL dynamic itemset countingand implication rules for market basket data COL authors VAL s brin , r motwani , j ullman , s tsur COL venue VAL & hellip ; of the acm international conference on management of data ( & hellip ; , COL year VAL ","dynamic itemset countingand implication rules for market basket data s brin & hellip ; of the acm international conference on management of data ( & hellip ; ,"
55108,right,"proceedings of the 23rd vldb conference , athens , greece ,","COL title VAL laks vs lakshmanan . a foundation for multi-dimensional database COL authors VAL m gyssens COL venue VAL proceedings of the 23rd vldb conference , athens , greece , COL year VAL ","laks vs lakshmanan . a foundation for multi-dimensional database m gyssens proceedings of the 23rd vldb conference , athens , greece ,"
51928,right,"acm tods ,","COL title VAL query processing in sdd-i : a system for distributed databases COL authors VAL pa bernstein , n goodman , e wang , c reeve , jb COL venue VAL acm tods , COL year VAL ","query processing in sdd-i : a system for distributed databases pa bernstein acm tods ,"
62155,right,"msc thesis , department of computer science , federal university","COL title VAL an approach to storing semistructured data in relational databases COL authors VAL kv magalhaes COL venue VAL msc thesis , department of computer science , federal university COL year VAL ","an approach to storing semistructured data in relational databases kv magalhaes msc thesis , department of computer science , federal university"
34609,right,"proc . of vldb ,","COL title VAL ã cents â ? ¬ aggregate-query processing in data warehousing environmentsã cents â ? ¬ â ? cents COL authors VAL a gupta , v harinarayan , d quass COL venue VAL proc . of vldb , COL year VAL ","ã cents â ? ¬ aggregate-query processing in data warehousing environmentsã cents â ? ¬ â ? cents a gupta proc . of vldb ,"
2364,right,"proc . of the acm sigmod conference ,","COL title VAL roussoploulos . adaptiveselectivity estimation using query feedback COL authors VAL cm chenandn COL venue VAL proc . of the acm sigmod conference , COL year VAL ","roussoploulos . adaptiveselectivity estimation using query feedback cm chenandn proc . of the acm sigmod conference ,"
43107,right,"acm transactions on database systems ( 2 ) ,","COL title VAL database buer paging in virtual storage systems COL authors VAL t lang , c wood , e fernandez COL venue VAL acm transactions on database systems ( 2 ) , COL year VAL ","database buer paging in virtual storage systems t lang acm transactions on database systems ( 2 ) ,"
45724,right,"proceedings of the 25th international conference on very & hellip ; ,","COL title VAL aqua : a fast decision support systems using approximate query answers COL authors VAL s acharya , pb gibbons , v poosala COL venue VAL proceedings of the 25th international conference on very & hellip ; , COL year VAL 1999.0","aqua : a fast decision support systems using approximate query answers s acharya proceedings of the 25th international conference on very & hellip ; ,"
5555,right,"proceedings , international conference on management of data & hellip ; ,","COL title VAL chain : operator scheduling for memory minimization in stream systems COL authors VAL b brian , b shivnath , d mayur , m rajeev COL venue VAL proceedings , international conference on management of data & hellip ; , COL year VAL ","chain : operator scheduling for memory minimization in stream systems b brian proceedings , international conference on management of data & hellip ; ,"
29415,right,"technical report , dwq , ntua , greece ,","COL title VAL t. : '' a survey on logical models for olap databases COL authors VAL ps vassiliadis COL venue VAL technical report , dwq , ntua , greece , COL year VAL ","t. : '' a survey on logical models for olap databases ps vassiliadis technical report , dwq , ntua , greece ,"
19455,right,"proceedings of the 1993 acm sigmod conference washington dc ,","COL title VAL mining association rules between sets of items in large databases 1993 . 10p COL authors VAL r agrawal , t imielinski , a swami COL venue VAL proceedings of the 1993 acm sigmod conference washington dc , COL year VAL ","mining association rules between sets of items in large databases 1993 . 10p r agrawal proceedings of the 1993 acm sigmod conference washington dc ,"
50829,right,"the association for geographical information yearbook ,","COL title VAL global databases and gis COL authors VAL dw rhind COL venue VAL the association for geographical information yearbook , COL year VAL ","global databases and gis dw rhind the association for geographical information yearbook ,"
48103,right,"proc . of acm sigmetrics ,","COL title VAL why the web COL authors VAL fd smith , fh campos , f jeffay COL venue VAL proc . of acm sigmetrics , COL year VAL ","why the web fd smith proc . of acm sigmetrics ,"
39361,right,"proceedings of the 14th acm international conference on & hellip ; ,","COL title VAL effects of web document evolution on genre classification COL authors VAL es boese , ae howe COL venue VAL proceedings of the 14th acm international conference on & hellip ; , COL year VAL 2005.0","effects of web document evolution on genre classification es boese proceedings of the 14th acm international conference on & hellip ; ,"
45743,right,sigmod,COL title VAL treasurer 's message COL authors VAL j hammer COL venue VAL sigmod COL year VAL 2000.0,treasurer 's message j hammer sigmod
63259,right,"proceedings of the 12th annual acm international conference & hellip ; ,","COL title VAL content-based retrieval in gene expression databases COL authors VAL t syeda-mahmood COL venue VAL proceedings of the 12th annual acm international conference & hellip ; , COL year VAL 2004.0","content-based retrieval in gene expression databases t syeda-mahmood proceedings of the 12th annual acm international conference & hellip ; ,"
42446,right,"vldb journal ,","COL title VAL architecture and design of the eks deductive database system COL authors VAL p bayer , a lefebvre , l vieille COL venue VAL vldb journal , COL year VAL ","architecture and design of the eks deductive database system p bayer vldb journal ,"
30368,right,"proc . acm sigmod conf ,","COL title VAL data accessforthemasses through oledb COL authors VAL j blakeley COL venue VAL proc . acm sigmod conf , COL year VAL ","data accessforthemasses through oledb j blakeley proc . acm sigmod conf ,"
37488,right,"proceedings of the 1993 acm sigmod international conference & hellip ; ,","COL title VAL source international conference on management of data archive COL authors VAL p buneman , s jajodia COL venue VAL proceedings of the 1993 acm sigmod international conference & hellip ; , COL year VAL 1993.0","source international conference on management of data archive p buneman proceedings of the 1993 acm sigmod international conference & hellip ; ,"
62323,right,"proc . acm sigmod int . conf . management of data , dallas , tx , & hellip ; ,","COL title VAL continuously adaptive query processingâ ?? COL authors VAL arh jmâ ?? eddies COL venue VAL proc . acm sigmod int . conf . management of data , dallas , tx , & hellip ; , COL year VAL ","continuously adaptive query processingâ ?? arh jmâ ?? eddies proc . acm sigmod int . conf . management of data , dallas , tx , & hellip ; ,"
23534,right,"proc . int . conf . on management of data , san francisco ,","COL title VAL architecture and implementation of the darmstadt database kernel system . acm-sigmod COL authors VAL hb paulâ ? ¦ COL venue VAL proc . int . conf . on management of data , san francisco , COL year VAL ","architecture and implementation of the darmstadt database kernel system . acm-sigmod hb paulâ ? ¦ proc . int . conf . on management of data , san francisco ,"
